package,number,created,closed,author
ecgtools,1,2020-01-22T19:55:42Z,,huard
ecgtools,2,2020-03-31T09:32:14Z,,aaronspring
ecgtools,15,2020-05-23T00:09:13Z,,mnlevy1981
ecgtools,16,2020-05-23T00:06:36Z,2021-06-18T23:35:39Z,mnlevy1981
ecgtools,21,2021-05-27T13:31:30Z,2021-10-22T19:01:35Z,mgrover1
ecgtools,28,2021-06-01T16:36:08Z,2021-06-02T19:31:11Z,mgrover1
ecgtools,34,2021-06-02T21:11:25Z,2021-06-03T19:23:51Z,mgrover1
ecgtools,42,2021-06-07T20:50:06Z,2021-06-08T13:24:17Z,dcherian
ecgtools,46,2021-06-08T23:45:48Z,2021-09-15T20:59:05Z,klindsay28
ecgtools,47,2021-06-09T00:17:04Z,2021-06-09T13:39:30Z,klindsay28
ecgtools,49,2021-06-09T13:44:19Z,,mgrover1
ecgtools,55,2021-06-22T16:54:59Z,,mgrover1
ecgtools,56,2021-06-24T19:19:54Z,2021-07-15T18:18:05Z,mgrover1
ecgtools,58,2021-07-15T18:20:45Z,2022-02-02T04:50:18Z,mgrover1
ecgtools,64,2021-08-18T15:25:56Z,2021-09-16T23:08:04Z,mgrover1
ecgtools,73,2021-09-15T12:19:16Z,2022-02-02T04:50:18Z,matt-long
ecgtools,74,2021-09-15T12:21:15Z,,matt-long
ecgtools,75,2021-09-15T12:33:24Z,,matt-long
ecgtools,79,2021-09-15T21:01:50Z,2022-02-02T04:50:18Z,mgrover1
ecgtools,80,2021-09-15T21:03:23Z,2021-09-15T23:04:52Z,mgrover1
ecgtools,82,2021-09-16T16:48:06Z,2022-02-02T04:50:18Z,mgrover1
ecgtools,87,2021-10-03T13:04:45Z,2022-02-02T04:50:17Z,matt-long
ecgtools,89,2021-10-18T17:29:22Z,,mgrover1
ecgtools,98,2021-12-28T22:32:32Z,2022-01-06T18:34:07Z,andersy005
ecgtools,110,2022-03-07T23:01:24Z,2022-03-07T23:04:33Z,github-actions
intake-esm,7,2019-01-29T06:21:06Z,2019-01-30T23:30:00Z,andersy005
intake-esm,8,2019-01-29T15:16:48Z,2019-01-30T23:29:08Z,andersy005
intake-esm,10,2019-02-01T20:26:20Z,2019-10-18T21:14:49Z,andersy005
intake-esm,12,2019-02-01T22:03:01Z,2019-03-01T22:19:38Z,andersy005
intake-esm,13,2019-02-02T14:25:11Z,2019-02-06T18:34:08Z,matt-long
intake-esm,15,2019-02-04T20:58:27Z,2019-08-13T18:31:21Z,matt-long
intake-esm,16,2019-02-04T22:17:04Z,2019-02-06T18:31:20Z,matt-long
intake-esm,18,2019-02-04T22:48:33Z,2019-06-16T20:10:03Z,matt-long
intake-esm,19,2019-02-04T22:52:38Z,2019-02-08T18:32:29Z,matt-long
intake-esm,20,2019-02-05T21:45:51Z,2019-02-06T06:00:57Z,matt-long
intake-esm,21,2019-02-05T22:21:15Z,2019-02-08T18:28:14Z,matt-long
intake-esm,26,2019-02-06T22:13:46Z,2019-12-04T19:46:53Z,matt-long
intake-esm,27,2019-02-07T01:26:56Z,2019-02-08T18:28:14Z,andersy005
intake-esm,29,2019-02-08T00:22:39Z,2019-04-18T15:49:41Z,andersy005
intake-esm,30,2019-02-08T18:21:44Z,2019-03-09T13:57:26Z,andersy005
intake-esm,39,2019-02-28T15:17:00Z,2019-04-10T21:52:53Z,andersy005
intake-esm,40,2019-03-01T20:52:41Z,2019-03-09T13:57:28Z,matt-long
intake-esm,43,2019-03-10T17:38:37Z,2019-04-08T14:21:26Z,naomi-henderson
intake-esm,47,2019-03-22T14:18:32Z,2019-06-16T20:10:59Z,matt-long
intake-esm,51,2019-04-05T15:15:15Z,2019-08-15T19:12:54Z,aaronspring
intake-esm,53,2019-04-10T19:31:30Z,2019-05-08T16:57:36Z,naomi-henderson
intake-esm,54,2019-04-25T18:42:00Z,2019-04-25T22:01:33Z,naomi-henderson
intake-esm,62,2019-04-27T09:40:20Z,2019-05-01T16:53:54Z,aaronspring
intake-esm,65,2019-05-02T22:30:27Z,2019-08-19T15:20:45Z,fanchic
intake-esm,66,2019-05-06T22:10:52Z,2019-05-12T05:18:24Z,andersy005
intake-esm,70,2019-05-14T05:21:31Z,2019-06-16T17:57:49Z,andersy005
intake-esm,71,2019-05-14T18:30:35Z,2019-07-21T21:21:21Z,matt-long
intake-esm,73,2019-05-15T16:38:40Z,2019-06-14T22:27:32Z,matt-long
intake-esm,74,2019-05-15T16:43:42Z,2019-06-16T17:57:30Z,matt-long
intake-esm,75,2019-05-15T19:38:49Z,2019-08-15T00:31:05Z,matt-long
intake-esm,76,2019-05-30T05:31:55Z,2019-08-15T19:14:10Z,fanchic
intake-esm,86,2019-06-17T21:57:57Z,2019-07-29T19:31:52Z,andersy005
intake-esm,90,2019-06-20T22:06:28Z,2019-06-20T23:10:45Z,andersy005
intake-esm,92,2019-06-21T19:27:39Z,2020-06-30T10:32:06Z,andersy005
intake-esm,94,2019-06-21T21:15:29Z,2019-08-23T19:11:15Z,andersy005
intake-esm,97,2019-06-27T14:36:41Z,2019-08-05T21:17:44Z,andersy005
intake-esm,100,2019-07-15T19:02:40Z,2019-07-25T23:16:26Z,matt-long
intake-esm,101,2019-07-15T20:39:53Z,2019-08-12T20:04:40Z,jukent
intake-esm,102,2019-07-15T22:54:08Z,2019-07-25T18:33:53Z,andersy005
intake-esm,103,2019-07-16T17:21:43Z,,jukent
intake-esm,104,2019-07-17T19:48:07Z,2019-07-25T18:33:53Z,andersy005
intake-esm,105,2019-07-19T17:54:08Z,2019-07-30T23:10:32Z,andersy005
intake-esm,106,2019-07-20T01:25:57Z,2019-07-30T20:25:45Z,pbranson
intake-esm,109,2019-07-24T17:50:27Z,2019-07-24T18:44:08Z,andersy005
intake-esm,111,2019-07-24T18:12:22Z,2019-08-15T17:54:22Z,naomi-henderson
intake-esm,112,2019-07-26T01:24:15Z,2020-10-30T21:51:25Z,matt-long
intake-esm,116,2019-08-02T13:24:16Z,2019-10-21T21:01:18Z,pbranson
intake-esm,121,2019-08-09T00:03:15Z,2019-08-13T18:44:39Z,jhamman
intake-esm,123,2019-08-13T12:06:37Z,2019-08-14T10:03:37Z,aaronspring
intake-esm,132,2019-08-23T17:32:07Z,2019-10-15T19:33:18Z,andersy005
intake-esm,134,2019-09-17T05:19:34Z,2019-10-18T21:16:19Z,fanchic
intake-esm,136,2019-10-09T17:42:50Z,2019-10-09T17:45:22Z,ahuang11
intake-esm,137,2019-10-09T18:20:52Z,2019-11-06T16:37:03Z,ahuang11
intake-esm,138,2019-10-09T22:21:22Z,2019-10-27T14:10:10Z,ahuang11
intake-esm,139,2019-10-10T14:58:17Z,2019-10-10T15:28:57Z,ahuang11
intake-esm,140,2019-10-10T22:03:00Z,2020-08-09T01:05:50Z,ahuang11
intake-esm,141,2019-10-11T14:35:27Z,2019-11-06T16:39:16Z,ahuang11
intake-esm,142,2019-10-11T14:40:13Z,2019-10-27T14:04:44Z,ahuang11
intake-esm,143,2019-10-11T21:49:43Z,2019-11-06T16:38:19Z,ahuang11
intake-esm,144,2019-10-15T19:28:56Z,,andersy005
intake-esm,146,2019-10-15T20:55:06Z,2019-10-17T00:17:26Z,andersy005
intake-esm,148,2019-10-16T19:26:10Z,2020-11-24T20:00:44Z,naomi-henderson
intake-esm,149,2019-10-16T21:24:42Z,2019-10-17T15:18:42Z,dcherian
intake-esm,150,2019-10-16T21:38:19Z,2019-12-04T19:43:15Z,pochedls
intake-esm,151,2019-10-16T21:39:41Z,2019-11-06T16:34:34Z,PMongwe
intake-esm,152,2019-10-16T21:51:46Z,,rabernat
intake-esm,153,2019-10-16T22:12:00Z,2019-10-17T23:01:41Z,klindsay28
intake-esm,156,2019-10-17T15:54:11Z,2020-08-14T19:34:17Z,bradyrx
intake-esm,157,2019-10-17T18:25:57Z,2020-11-24T20:02:06Z,mara-freilich
intake-esm,159,2019-10-17T22:01:02Z,2019-11-06T16:33:47Z,EricKeenan
intake-esm,160,2019-10-17T22:30:41Z,2019-11-04T15:01:08Z,pochedls
intake-esm,162,2019-10-18T05:21:10Z,2020-11-24T19:57:46Z,bolliger32
intake-esm,163,2019-10-18T14:14:32Z,,rabernat
intake-esm,165,2019-10-19T03:58:42Z,2020-04-30T16:47:09Z,jhamman
intake-esm,166,2019-10-19T04:06:32Z,2020-05-01T22:25:52Z,jhamman
intake-esm,167,2019-10-26T12:52:08Z,,naomi-henderson
intake-esm,169,2019-10-31T16:06:56Z,2019-11-06T16:29:48Z,andersy005
intake-esm,170,2019-11-01T10:23:03Z,2019-11-01T17:27:12Z,ChunchengGuo
intake-esm,172,2019-11-01T21:45:46Z,2019-11-07T16:59:44Z,jbusecke
intake-esm,175,2019-11-04T23:53:23Z,2019-11-05T02:43:10Z,naomi-henderson
intake-esm,177,2019-11-08T01:27:27Z,2019-12-02T18:49:58Z,andersy005
intake-esm,178,2019-11-11T19:50:58Z,2019-11-11T20:17:11Z,EricKeenan
intake-esm,181,2019-11-17T18:09:30Z,2020-11-24T19:56:09Z,jbusecke
intake-esm,188,2019-12-12T11:42:37Z,2019-12-13T07:34:26Z,lvankampenhout
intake-esm,192,2019-12-18T21:33:34Z,2020-11-24T19:51:39Z,andersy005
intake-esm,197,2020-01-22T23:39:29Z,2020-05-01T22:10:53Z,matt-long
intake-esm,198,2020-01-27T20:23:46Z,2021-11-11T06:04:01Z,andersy005
intake-esm,200,2020-02-22T02:11:00Z,2020-03-02T18:11:04Z,AkshayaNikumbh
intake-esm,201,2020-02-25T21:36:27Z,2020-02-26T14:20:02Z,jbusecke
intake-esm,202,2020-03-06T04:14:36Z,2020-03-26T19:44:14Z,jbusecke
intake-esm,203,2020-03-06T19:20:33Z,2020-03-09T17:18:25Z,jbusecke
intake-esm,206,2020-03-09T15:41:36Z,2020-03-17T23:06:01Z,jbusecke
intake-esm,214,2020-03-17T11:57:10Z,2020-03-18T14:20:10Z,aaronspring
intake-esm,217,2020-03-19T18:32:37Z,2020-03-26T20:58:50Z,jbusecke
intake-esm,219,2020-03-27T19:11:46Z,2020-05-21T23:26:20Z,jbusecke
intake-esm,224,2020-04-04T01:25:15Z,2020-04-13T23:08:29Z,sckw
intake-esm,225,2020-04-04T23:01:39Z,2020-09-09T15:58:58Z,jbusecke
intake-esm,226,2020-04-06T10:26:08Z,2020-05-02T15:49:17Z,aaronspring
intake-esm,227,2020-04-06T20:18:37Z,2020-08-06T11:22:37Z,andersy005
intake-esm,228,2020-04-29T03:17:23Z,2020-08-06T11:14:12Z,rabernat
intake-esm,231,2020-05-04T22:26:45Z,2020-06-11T10:17:01Z,jbusecke
intake-esm,234,2020-05-08T22:32:55Z,2020-05-09T15:34:08Z,matt-long
intake-esm,243,2020-05-28T02:24:46Z,2020-09-08T23:00:52Z,fanchic
intake-esm,246,2020-06-06T17:36:56Z,2020-06-11T10:15:59Z,jbusecke
intake-esm,253,2020-06-16T05:05:16Z,2020-06-25T23:29:24Z,hmorzaria
intake-esm,254,2020-06-24T20:41:21Z,2020-06-25T23:00:14Z,jbusecke
intake-esm,255,2020-06-25T16:58:30Z,2020-06-25T19:19:26Z,kmpaul
intake-esm,256,2020-06-26T04:19:13Z,2020-08-04T18:50:02Z,jbusecke
intake-esm,261,2020-07-15T14:53:29Z,2020-11-24T19:57:14Z,Recalculate
intake-esm,262,2020-07-17T20:06:28Z,2020-11-24T19:58:37Z,Recalculate
intake-esm,264,2020-07-22T14:19:32Z,,jbusecke
intake-esm,265,2020-07-23T12:32:15Z,2021-12-21T15:15:15Z,mickaellalande
intake-esm,266,2020-07-24T10:00:42Z,2020-08-11T17:25:24Z,mickaellalande
intake-esm,277,2020-08-12T22:19:36Z,2020-11-04T04:21:22Z,andersy005
intake-esm,281,2020-09-05T17:38:34Z,2021-01-21T15:52:40Z,markusritschel
intake-esm,290,2020-10-02T01:34:04Z,2020-10-07T23:15:19Z,aradhakrishnanGFDL
intake-esm,301,2020-11-19T08:55:04Z,2021-12-21T15:15:48Z,agstephens
intake-esm,304,2020-12-09T21:24:02Z,,charlesbluca
intake-esm,305,2020-12-09T22:44:28Z,2020-12-19T01:27:40Z,jbusecke
intake-esm,309,2020-12-25T01:23:33Z,2020-12-28T12:24:47Z,andersy005
intake-esm,312,2021-01-14T13:27:39Z,2021-01-15T20:46:29Z,aaronspring
intake-esm,317,2021-01-19T22:23:50Z,2021-02-02T17:06:15Z,jbusecke
intake-esm,320,2021-02-02T17:07:55Z,2021-02-07T17:55:27Z,andersy005
intake-esm,323,2021-02-18T15:14:50Z,2021-03-17T21:00:02Z,jbusecke
intake-esm,324,2021-02-18T15:35:49Z,,jbusecke
intake-esm,325,2021-02-27T17:08:40Z,2021-11-25T19:30:27Z,aaronspring
intake-esm,327,2021-03-23T00:00:29Z,2021-03-23T04:32:30Z,jdldeauna
intake-esm,331,2021-04-09T14:54:09Z,2021-12-21T15:14:01Z,jbusecke
intake-esm,332,2021-04-09T14:57:25Z,,jbusecke
intake-esm,336,2021-04-22T00:39:13Z,2021-12-21T15:14:36Z,aradhakrishnanGFDL
intake-esm,339,2021-05-11T14:42:30Z,,jbusecke
intake-esm,343,2021-06-24T16:22:12Z,2022-01-11T18:39:30Z,andersy005
intake-esm,344,2021-06-24T16:25:14Z,2021-12-21T15:12:32Z,andersy005
intake-esm,350,2021-08-03T10:08:42Z,2021-08-06T12:34:21Z,wachsylon
intake-esm,351,2021-08-05T14:25:12Z,,wachsylon
intake-esm,352,2021-08-06T21:58:12Z,2022-01-12T15:46:59Z,mgrover1
intake-esm,353,2021-08-07T00:20:44Z,,andersy005
intake-esm,357,2021-08-17T22:23:02Z,,mgrover1
intake-esm,378,2021-10-14T16:54:06Z,2021-10-26T20:06:23Z,andersy005
intake-esm,380,2021-10-14T23:54:37Z,,andersy005
intake-esm,382,2021-10-15T03:14:43Z,2021-11-28T20:44:40Z,andersy005
intake-esm,384,2021-10-18T17:25:09Z,2021-12-02T14:52:43Z,andersy005
intake-esm,385,2021-10-19T11:20:00Z,2021-12-01T19:27:11Z,agstephens
intake-esm,387,2021-10-22T17:33:13Z,2021-10-26T19:17:09Z,andersy005
intake-esm,388,2021-10-22T17:33:44Z,2021-10-26T17:04:43Z,andersy005
intake-esm,401,2021-11-22T14:44:14Z,2021-11-24T18:51:44Z,d70-t
intake-esm,404,2021-11-23T16:00:09Z,2021-12-14T22:58:48Z,d70-t
intake-esm,407,2021-11-24T18:10:58Z,,mgrover1
intake-esm,414,2021-12-14T21:23:51Z,2021-12-15T19:21:48Z,aulemahal
intake-esm,415,2021-12-14T21:52:25Z,2021-12-15T19:20:43Z,aulemahal
intake-esm,418,2021-12-15T22:48:10Z,,aulemahal
intake-esm,419,2021-12-16T18:18:32Z,2021-12-17T20:14:43Z,aulemahal
intake-esm,427,2021-12-21T20:59:47Z,2022-01-11T19:08:22Z,aulemahal
intake-esm,434,2022-01-18T20:39:17Z,2022-02-01T21:59:04Z,aulemahal
intake-esm,436,2022-01-18T21:40:18Z,,aulemahal
intake-esm,437,2022-01-27T22:32:47Z,2022-03-11T17:06:38Z,kmpaul
intake-esm,444,2022-02-10T16:43:46Z,,wachsylon
intake-esm,445,2022-02-10T19:23:13Z,2022-02-10T20:10:36Z,aulemahal
intake-esm,447,2022-02-15T20:53:22Z,,RondeauG
intake-esm,448,2022-02-21T22:40:14Z,,aulemahal
intake-esm,452,2022-03-08T13:40:47Z,,andersy005
intake-esm,456,2022-03-11T19:19:18Z,2022-03-24T20:40:08Z,jukent
intake-esm,461,2022-03-17T14:47:42Z,,matt-long
intake-esm,462,2022-03-18T13:51:47Z,,wachsylon
intake-esm,465,2022-03-24T20:22:03Z,,jukent
jupyter-forward,2,2020-07-15T23:10:01Z,2020-08-04T17:43:12Z,jukent
jupyter-forward,3,2020-07-15T23:42:58Z,2020-07-20T18:32:14Z,mnlevy1981
jupyter-forward,5,2020-07-16T00:02:06Z,2020-08-06T03:17:18Z,mnlevy1981
jupyter-forward,7,2020-07-16T04:58:44Z,2020-07-21T10:21:05Z,andersy005
jupyter-forward,11,2020-07-21T15:42:03Z,2020-08-26T20:45:26Z,kmpaul
jupyter-forward,14,2020-08-05T16:57:34Z,2020-08-06T02:47:39Z,mnlevy1981
jupyter-forward,16,2020-08-05T22:11:46Z,2020-10-21T22:40:11Z,mnlevy1981
jupyter-forward,17,2020-08-05T22:15:28Z,2020-08-06T03:43:43Z,mnlevy1981
jupyter-forward,20,2020-08-06T12:32:59Z,2020-10-19T20:59:39Z,klindsay28
jupyter-forward,21,2020-08-26T21:09:53Z,2020-10-19T20:59:39Z,kmpaul
jupyter-forward,49,2020-11-13T17:37:05Z,2020-12-03T05:33:05Z,rmg55
jupyter-forward,56,2020-12-07T23:26:27Z,,mnlevy1981
jupyter-forward,65,2021-02-24T23:11:17Z,,mnlevy1981
jupyter-forward,66,2021-03-01T22:31:00Z,2021-03-02T21:01:10Z,mnlevy1981
jupyter-forward,70,2021-03-04T20:51:09Z,,mnlevy1981
jupyter-forward,72,2021-03-30T19:29:21Z,2021-04-20T02:13:35Z,dcherian
jupyter-forward,80,2021-04-19T19:06:50Z,2021-04-20T22:18:19Z,rsignell-usgs
jupyter-forward,81,2021-04-19T19:13:50Z,,rsignell-usgs
jupyter-forward,86,2021-04-28T10:25:49Z,,malmans2
jupyter-forward,91,2021-06-16T15:48:25Z,2022-01-15T01:25:43Z,andersy005
jupyter-forward,92,2021-06-30T21:00:22Z,,andersy005
jupyter-forward,93,2021-07-01T21:00:30Z,,dcherian
jupyter-forward,104,2021-09-13T15:11:58Z,,dcherian
jupyter-forward,108,2021-09-22T15:37:56Z,2021-09-23T14:14:00Z,jessecusack
jupyter-forward,112,2021-11-04T14:36:23Z,2022-02-21T19:48:14Z,jessecusack
jupyter-forward,129,2022-01-31T03:43:38Z,2022-01-31T03:53:22Z,github-actions
jupyter-forward,130,2022-01-31T03:47:40Z,2022-01-31T03:53:17Z,github-actions
jupyter-forward,131,2022-01-31T03:49:08Z,2022-01-31T03:53:13Z,github-actions
jupyter-forward,135,2022-02-14T22:26:56Z,2022-02-25T21:14:59Z,mnlevy1981
jupyter-forward,137,2022-02-16T20:16:54Z,2022-02-16T20:19:54Z,github-actions
jupyter-forward,139,2022-02-25T01:35:53Z,,andersy005
jupyter-forward,140,2022-02-25T02:04:49Z,,andersy005
jupyter-forward,141,2022-02-25T21:00:38Z,,mnlevy1981
jupyter-forward,143,2022-02-25T22:34:02Z,,mnlevy1981
jupyter-forward,146,2022-03-11T23:53:25Z,,andersy005
jupyter-forward,148,2022-03-21T12:13:55Z,2022-03-27T18:10:25Z,rsignell-usgs
jupyter-forward,150,2022-03-23T18:20:22Z,,kmpaul
jupyter-forward,151,2022-03-25T16:36:39Z,,kmpaul
jupyter-forward,153,2022-03-26T11:17:36Z,,rsignell-usgs
ncar-jobqueue,4,2019-03-11T15:20:01Z,2019-07-29T20:54:13Z,kmpaul
ncar-jobqueue,5,2019-05-06T15:27:23Z,2019-08-02T18:50:11Z,matt-long
ncar-jobqueue,6,2019-06-04T21:06:22Z,2019-07-22T22:00:49Z,islasimpson
ncar-jobqueue,7,2019-06-05T18:12:52Z,2019-08-02T18:50:11Z,matt-long
ncar-jobqueue,8,2019-06-06T15:59:37Z,2019-06-10T22:26:50Z,dcherian
ncar-jobqueue,9,2019-06-06T18:13:31Z,2019-08-02T18:50:11Z,andersy005
ncar-jobqueue,15,2019-10-08T04:51:44Z,2019-10-21T20:50:50Z,andersy005
ncar-jobqueue,16,2019-10-08T15:59:27Z,2019-10-21T20:50:41Z,dcherian
ncar-jobqueue,19,2020-01-06T16:12:03Z,2020-01-07T19:47:41Z,dcherian
ncar-jobqueue,24,2020-02-19T14:49:12Z,2020-04-04T23:28:20Z,klindsay28
ncar-jobqueue,26,2020-11-12T20:39:26Z,2020-11-18T20:21:59Z,matt-long
ncar-jobqueue,32,2020-12-03T21:46:39Z,2021-02-20T22:53:48Z,matt-long
ncar-jobqueue,34,2020-12-07T16:36:18Z,2021-02-10T18:31:40Z,karenamckinnon
ncar-jobqueue,35,2020-12-07T17:54:00Z,2021-02-10T18:31:40Z,andersy005
ncar-jobqueue,40,2021-03-26T14:39:10Z,2021-04-14T14:01:48Z,dcherian
ncar-jobqueue,49,2021-04-15T15:32:46Z,2021-04-15T16:16:56Z,mnlevy1981
ncar-jobqueue,58,2021-09-07T19:04:33Z,,dcherian
xwrf,3,2021-10-20T19:20:39Z,2022-02-16T21:23:17Z,mgrover1
xwrf,4,2021-10-20T19:22:07Z,2022-02-12T22:49:25Z,mgrover1
xwrf,7,2021-10-27T17:12:26Z,2021-11-23T18:54:14Z,andersy005
xwrf,10,2021-11-15T16:27:20Z,,lpilz
xwrf,11,2021-11-15T16:33:20Z,2022-02-16T21:23:17Z,lpilz
xwrf,15,2021-11-20T01:24:41Z,2022-02-02T16:57:31Z,jthielen
xwrf,19,2021-11-23T20:12:21Z,2021-11-28T20:56:59Z,andersy005
xwrf,20,2021-11-23T21:07:00Z,2022-02-15T21:38:36Z,jthielen
xwrf,26,2022-01-11T20:03:25Z,2022-01-28T01:17:10Z,kelcyno
xwrf,28,2022-01-17T14:51:40Z,2022-01-21T18:38:14Z,lpilz
xwrf,31,2022-01-18T14:46:53Z,2022-02-12T22:49:24Z,imbakassinn
xwrf,32,2022-01-24T22:31:37Z,2022-01-28T01:06:52Z,andersy005
xwrf,35,2022-01-25T06:01:37Z,,bsu-wrudisill
xwrf,36,2022-01-25T19:05:16Z,,jukent
xwrf,38,2022-01-27T01:16:03Z,2022-01-27T01:41:49Z,andersy005
xwrf,42,2022-02-02T18:14:36Z,2022-02-09T23:18:27Z,andersy005
xwrf,47,2022-02-14T12:57:33Z,2022-02-14T13:55:32Z,AminFazlKazemi
xwrf,49,2022-02-16T21:22:53Z,2022-02-25T21:50:08Z,jthielen
xwrf,51,2022-03-01T16:24:58Z,,andersy005
xwrf,52,2022-03-01T16:43:23Z,,kmpaul
xwrf,54,2022-03-01T18:54:54Z,2022-03-14T17:44:19Z,andersy005
xwrf,55,2022-03-02T00:45:53Z,2022-03-07T21:58:41Z,andersy005
xwrf,57,2022-03-06T22:43:19Z,2022-03-08T14:00:49Z,jthielen
xwrf,60,2022-03-07T22:37:31Z,,jthielen
xwrf,64,2022-03-18T16:10:33Z,2022-03-18T16:36:31Z,lpilz
xcollection,1,2021-08-12T16:46:07Z,2021-11-29T19:53:43Z,andersy005
xcollection,4,2021-08-16T16:13:07Z,,andersy005
xcollection,6,2021-08-17T15:33:42Z,,dcherian
xcollection,7,2021-08-17T15:34:34Z,,dcherian
xcollection,13,2021-09-16T15:16:59Z,,mnlevy1981
xcollection,14,2021-09-16T15:58:14Z,2021-10-27T14:58:25Z,jukent
xcollection,16,2021-09-16T20:25:43Z,,mnlevy1981
xcollection,17,2021-09-16T20:28:52Z,,mnlevy1981
xcollection,27,2021-11-24T18:29:10Z,2021-12-22T13:41:14Z,kmpaul
xcollection,33,2021-12-20T20:42:39Z,,mgrover1
xcollection,36,2021-12-22T13:29:59Z,2021-12-23T16:14:52Z,andersy005
xcollection,39,2021-12-22T14:00:37Z,2021-12-23T15:46:08Z,andersy005
xcollection,40,2021-12-22T17:37:15Z,2021-12-22T18:28:09Z,andersy005
xpersist,1,2019-11-19T04:35:30Z,2020-12-17T22:10:15Z,matt-long
xpersist,5,2019-11-20T15:54:20Z,,matt-long
xpersist,6,2019-11-20T17:27:24Z,,matt-long
xpersist,8,2020-02-11T03:29:24Z,,matt-long
xpersist,9,2020-05-23T15:53:05Z,,matt-long
xpersist,10,2020-09-01T16:37:28Z,,dcherian
xpersist,11,2020-09-29T17:11:00Z,,klindsay28
xpersist,35,2021-12-14T18:55:15Z,2022-01-12T22:57:57Z,andersy005
xpersist,38,2021-12-03T23:32:02Z,,jhamman
xpersist,43,2021-12-15T22:46:17Z,2021-12-20T16:43:30Z,andersy005
xpersist,49,2021-12-16T21:07:40Z,,andersy005
xpersist,57,2021-12-28T16:51:15Z,2021-12-28T17:03:52Z,andersy005
xpersist,61,2022-01-12T22:56:52Z,,andersy005
